User_id,User_first_name,User_last_name,User_email
63819,Lawrence,Wright,Lawrence.Wright@smith-smith.com
336839,Joseph,Johnson,Joseph.Johnson@barajas-gutierrez.com
289387,Paula,Duke,Paula.Duke@hall-harper.com
772480,John,Williams,John.Williams@yang.info
156923,Brandi,Briggs,Brandi.Briggs@clark.net
835807,Michael,Cook,Michael.Cook@vang.com
261813,Rhonda,Price,Rhonda.Price@schmidt.com
336801,Kyle,Stanley,Kyle.Stanley@edwards-archer.com
796161,John,Joseph,John.Joseph@carson-carrillo.com
803180,Angela,Nelson,Angela.Nelson@robinson.biz
907088,Jeffrey,Herrera,Jeffrey.Herrera@shelton-miller.biz
153736,Sarah,Aguilar,Sarah.Aguilar@everett-buck.com
110408,Wendy,Stafford,Wendy.Stafford@james.org
883954,Sarah,Hanson,Sarah.Hanson@alexander.com
925951,Adam,Wagner,Adam.Wagner@hester.com
431466,Leslie,Wise,Leslie.Wise@gordon.com
360034,James,Carter,James.Carter@miller.com
950751,Angela,Hodges,Angela.Hodges@jackson.info
568323,Denise,White,Denise.White@rodgers-spencer.com
787942,Brittany,Hernandez,Brittany.Hernandez@hood.net
685920,Thomas,Monroe,Thomas.Monroe@gibson-bailey.com
44795,Amy,Murillo,Amy.Murillo@smith-banks.com
19946,Rodney,Fisher,Rodney.Fisher@bryant.com
27175,Franklin,Wilcox,Franklin.Wilcox@webb.org
457411,Megan,Montgomery,Megan.Montgomery@buck.com
730539,Tyler,Waller,Tyler.Waller@mullins.com
650256,Chloe,Cisneros,Chloe.Cisneros@scott.biz
283942,Nathaniel,Avila,Nathaniel.Avila@dalton.com
164967,Cynthia,Burns,Cynthia.Burns@shah.com
797039,Rita,Santiago,Rita.Santiago@brown-green.com
711923,Betty,Moses,Betty.Moses@scott.com
183760,Rebecca,Velasquez,Rebecca.Velasquez@taylor.com
708234,Robert,Espinoza,Robert.Espinoza@gonzales-nguyen.com
17300,Natasha,Hayes,Natasha.Hayes@duncan-kim.com
457879,James,Lopez,James.Lopez@butler.biz
457562,Amber,Deleon,Amber.Deleon@gardner.com
78533,Andre,Castillo,Andre.Castillo@cooper-osborne.info
418244,Brian,White,Brian.White@martin-clark.com
267251,Eric,Cook,Eric.Cook@miles.com
659904,Victor,Hobbs,Victor.Hobbs@martinez-long.com
780104,Paul,Moore,Paul.Moore@brown.com
387570,Stephanie,Kim,Stephanie.Kim@deleon.com
974836,Suzanne,Allen,Suzanne.Allen@lindsey.com
495376,James,Hampton,James.Hampton@garcia.com
886035,Cristian,James,Cristian.James@rodriguez.com
46045,Susan,Johnson,Susan.Johnson@garcia-james.com
763357,Sharon,Sherman,Sharon.Sherman@fischer-rivas.org
669992,Sheila,Kelly,Sheila.Kelly@chase.biz
794543,Jordan,Short,Jordan.Short@mcpherson.org
861953,Michael,Dodson,Michael.Dodson@sutton.com
128910,Bryan,Campbell,Bryan.Campbell@daniel.info
269921,Jennifer,Bradshaw,Jennifer.Bradshaw@wright.net
943879,Erica,Oliver,Erica.Oliver@solis.info
279431,Alexandra,King,Alexandra.King@johnson.com
317075,Allen,Hoffman,Allen.Hoffman@richardson-figueroa.com
548971,Melanie,Snyder,Melanie.Snyder@reed.info
605433,Elizabeth,Hill,Elizabeth.Hill@walker.org
779534,Adam,Holmes,Adam.Holmes@campos.biz
17385,Dawn,Martinez,Dawn.Martinez@pope.com
461923,Jacqueline,Richmond,Jacqueline.Richmond@anderson.net
390819,Anna,Howell,Anna.Howell@mcintosh.net
134827,Donna,Davis,Donna.Davis@stephens-grant.com
469000,Anna,Bennett,Anna.Bennett@hernandez-smith.biz
806205,Lisa,Moran,Lisa.Moran@smith-bailey.net
848534,James,Smith,James.Smith@taylor.com
981789,James,Fitzgerald,James.Fitzgerald@brown.info
545410,Candice,Jones,Candice.Jones@warner-jimenez.com
481721,Kelly,Edwards,Kelly.Edwards@vaughn-smith.com
582532,Dawn,Simpson,Dawn.Simpson@lewis.com
542213,Karen,Johnson,Karen.Johnson@hicks-gonzales.com
685795,Michael,Sexton,Michael.Sexton@douglas-dean.info
697159,Alexander,Sanchez,Alexander.Sanchez@dean-roberts.com
29502,Randy,Martin,Randy.Martin@brown.com
929868,Patricia,Hayes,Patricia.Hayes@reilly.info
206032,Lisa,Gonzalez,Lisa.Gonzalez@miller-robertson.com
414868,Lauren,Robles,Lauren.Robles@franklin-garcia.com
928622,Bryan,Lee,Bryan.Lee@graham-thompson.org
939613,Rachel,Estrada,Rachel.Estrada@ashley-calderon.com
32758,Laura,Singh,Laura.Singh@giles.com
288182,Meghan,Gutierrez,Meghan.Gutierrez@robertson.info
449139,Tony,Moore,Tony.Moore@smith-smith.com
324105,John,Barker,John.Barker@jones-lewis.com
995735,Anthony,Vazquez,Anthony.Vazquez@payne.com
139780,Amy,Silva,Amy.Silva@mccullough.biz
360759,Ronald,Jones,Ronald.Jones@holder.org
900185,Michael,Weaver,Michael.Weaver@martinez-orozco.com
412918,Robert,Moss,Robert.Moss@ramirez.com
494972,April,Davies,April.Davies@marsh.com
187380,Kevin,Cooper,Kevin.Cooper@morris.com
88223,Catherine,Benson,Catherine.Benson@carpenter.info
525701,Melissa,Boyle,Melissa.Boyle@johnson-bennett.com
386153,Tonya,Dudley,Tonya.Dudley@young.com
940588,Jeffrey,White,Jeffrey.White@moore.biz
785122,Austin,Jordan,Austin.Jordan@summers.com
664991,Stephanie,Meadows,Stephanie.Meadows@vega.com
655243,Judy,Armstrong,Judy.Armstrong@alvarado.com
351921,Chloe,Anderson,Chloe.Anderson@jones.com
48509,Brandon,Wilson,Brandon.Wilson@aguirre.org
550628,Timothy,Lutz,Timothy.Lutz@larsen.biz
767018,Kenneth,Miller,Kenneth.Miller@johnson-avila.com
254589,Gregory,Maldonado,Gregory.Maldonado@thompson-ramirez.com
328820,Alejandra,Adams,Alejandra.Adams@mccall.com
190572,Raymond,Carpenter,Raymond.Carpenter@mccall.org
733009,Tyler,Barrett,Tyler.Barrett@marshall.com
349169,Michael,Barry,Michael.Barry@wong.org
56945,Marissa,Vance,Marissa.Vance@thompson.com
747323,David,Jenkins,David.Jenkins@lucero-clarke.com
858553,Mary,Shaw,Mary.Shaw@smith.net
412808,David,Carlson,David.Carlson@rodriguez-king.info
18313,Valerie,Garcia,Valerie.Garcia@evans.com
175114,Anthony,Davis,Anthony.Davis@perez.com
695328,Bradley,Austin,Bradley.Austin@patrick.com
569663,Amanda,Rocha,Amanda.Rocha@williams.info
258489,Meghan,Harrison,Meghan.Harrison@bowman-warren.com
519366,Michelle,Perez,Michelle.Perez@casey.biz
69815,Ashley,Reyes,Ashley.Reyes@ferrell.com
563687,Vincent,Jones,Vincent.Jones@palmer-rivera.com
827378,Elizabeth,Padilla,Elizabeth.Padilla@drake.com
899790,Kenneth,Gardner,Kenneth.Gardner@castro.biz
542802,Christine,Avery,Christine.Avery@gomez.net
633911,Joshua,Hanson,Joshua.Hanson@rangel-chapman.biz
819321,Danielle,Moore,Danielle.Moore@barnes.net
624215,Jacqueline,Hernandez,Jacqueline.Hernandez@jackson.com
622374,Erik,Bartlett,Erik.Bartlett@butler.com
224330,Amanda,Ross,Amanda.Ross@bryant.info
57392,Andrew,Flores,Andrew.Flores@bell.com
85554,Darren,Schmidt,Darren.Schmidt@nguyen-walls.org
782591,Katherine,Santos,Katherine.Santos@jones.org
357806,Larry,Johnson,Larry.Johnson@schmidt.net
153732,Evan,Bell,Evan.Bell@martin-young.info
556492,Mark,Hamilton,Mark.Hamilton@watkins-nelson.net
744326,Paul,Davis,Paul.Davis@smith-luna.com
1739,Diane,Spence,Diane.Spence@church.info
636014,Michael,Stafford,Michael.Stafford@underwood-howell.info
440190,William,Jimenez,William.Jimenez@roberts-martin.com
714139,Carlos,Rodriguez,Carlos.Rodriguez@roberts.com
232701,Cathy,Miles,Cathy.Miles@clark.com
544817,Gloria,Hall,Gloria.Hall@acosta.com
29625,Courtney,Hernandez,Courtney.Hernandez@fields-lee.com
1652,Edward,Morgan,Edward.Morgan@sweeney-kidd.com
94862,Mark,Johnson,Mark.Johnson@thomas.com
333721,Caitlin,Lynch,Caitlin.Lynch@castillo.com
211405,Jessica,Williams,Jessica.Williams@cooper.biz
941778,Jacqueline,Avila,Jacqueline.Avila@kirk.com
175857,Danielle,Richardson,Danielle.Richardson@cortez-aguilar.com
754610,Corey,Gallagher,Corey.Gallagher@gonzalez.net
286831,Beth,Gutierrez,Beth.Gutierrez@choi.com
351082,Lauren,Martinez,Lauren.Martinez@long.com
710779,Charles,Brown,Charles.Brown@rhodes-ball.info
25092,Michael,Salazar,Michael.Salazar@maynard.com
728076,Steven,Fowler,Steven.Fowler@stewart.com
903429,Sarah,Gill,Sarah.Gill@hernandez.net
168593,Jennifer,Meyer,Jennifer.Meyer@bryant.com
311135,Mark,Booth,Mark.Booth@lawson.com
684126,Julie,Jones,Julie.Jones@mcdowell.net
149752,Marcus,Frederick,Marcus.Frederick@schultz.biz
532887,Anthony,Vaughn,Anthony.Vaughn@miles.biz
697513,Shannon,Blair,Shannon.Blair@smith-lane.com
590194,Kristin,Jones,Kristin.Jones@cunningham.com
278414,Kristina,Thomas,Kristina.Thomas@edwards-hoffman.biz
869765,Holly,Benson,Holly.Benson@carpenter.com
805004,Christopher,Wells,Christopher.Wells@carter.com
91840,Anna,Miller,Anna.Miller@johnson.com
138570,Tammy,Garcia,Tammy.Garcia@roberts.com
128932,Frances,Russell,Frances.Russell@jackson-bailey.com
544356,Sandra,Pearson,Sandra.Pearson@nguyen.com
501553,John,Brown,John.Brown@wright.com
752894,Terri,Hurst,Terri.Hurst@williams.com
67507,Angela,Cisneros,Angela.Cisneros@garcia-wade.com
713950,Seth,Reynolds,Seth.Reynolds@wilkins.net
50506,Kathleen,Willis,Kathleen.Willis@richardson.com
437131,Cody,Frank,Cody.Frank@phillips.net
46640,Victor,King,Victor.King@frazier.com
703575,Eugene,Chapman,Eugene.Chapman@carroll.com
683691,Jason,Garcia,Jason.Garcia@watson.com
980969,Jennifer,Aguilar,Jennifer.Aguilar@hayes.org
14615,Tara,Williams,Tara.Williams@reynolds.info
335581,Zachary,Johnson,Zachary.Johnson@lawson-salazar.com
475300,Sherri,Pierce,Sherri.Pierce@meyer.net
466535,Lee,Rios,Lee.Rios@thompson-wood.com
228333,Bill,Green,Bill.Green@colon.info
16362,Billy,Bailey,Billy.Bailey@brown.com
856861,Chad,Costa,Chad.Costa@smith.com
7603,Angela,Allen,Angela.Allen@dominguez.com
739015,Charles,Gonzalez,Charles.Gonzalez@anderson-miller.net
978481,Patrick,Newman,Patrick.Newman@oconnor-doyle.info
171538,Jennifer,Thompson,Jennifer.Thompson@ellison.com
125961,Joseph,Brown,Joseph.Brown@oliver.com
969065,Paul,Lyons,Paul.Lyons@gentry.com
3571,Paul,Brewer,Paul.Brewer@clark.biz
479355,Daniel,Moyer,Daniel.Moyer@brown-todd.com
102662,Joseph,Tanner,Joseph.Tanner@adams.com
863043,Brandon,Esparza,Brandon.Esparza@levine-fowler.org
156277,Chase,Jones,Chase.Jones@barker.com
364050,Tonya,Watson,Tonya.Watson@smith-hernandez.com
118527,Terri,Martinez,Terri.Martinez@lee.info
364900,Tanya,Joyce,Tanya.Joyce@clark.biz
588825,Tammy,Griffin,Tammy.Griffin@jordan-davis.com
159876,Susan,Hutchinson,Susan.Hutchinson@patterson.biz
157347,Troy,Hernandez,Troy.Hernandez@woods.com
987057,Elizabeth,Rivera,Elizabeth.Rivera@ruiz.com
731546,Stacey,Cruz,Stacey.Cruz@rodriguez.com
58490,Tabitha,Brewer,Tabitha.Brewer@fisher-newton.com
200569,Dawn,Walker,Dawn.Walker@walters-harrington.com
368226,Sarah,Charles,Sarah.Charles@ray.com
699123,Kayla,Hardy,Kayla.Hardy@wright.com
211859,Terrance,Walker,Terrance.Walker@miller.com
560269,Douglas,Pearson,Douglas.Pearson@hernandez-lara.com
192264,Sharon,Miller,Sharon.Miller@brooks-salas.biz
325457,Samuel,Ho,Samuel.Ho@allen-green.com
556605,Cindy,Williams,Cindy.Williams@bradford-green.com
364400,Krystal,Stafford,Krystal.Stafford@thompson-clark.com
830074,Kayla,Harris,Kayla.Harris@gibbs-wolfe.com
487140,Brian,Jimenez,Brian.Jimenez@potts.net
679826,Thomas,Townsend,Thomas.Townsend@nichols.net
610590,Kathleen,Brewer,Kathleen.Brewer@garza.com
251533,Dennis,Welch,Dennis.Welch@williams.net
260834,Lisa,Wilson,Lisa.Wilson@mitchell-juarez.info
497751,Jennifer,King,Jennifer.King@mays.com
280012,Laura,Newman,Laura.Newman@cabrera.com
7131,Kristen,Diaz,Kristen.Diaz@smith.biz
26170,Julie,Brown,Julie.Brown@stevenson.com
770806,Frank,Schmidt,Frank.Schmidt@figueroa.net
651797,Carlos,Anderson,Carlos.Anderson@solomon.org
111831,Bernard,Arnold,Bernard.Arnold@velazquez-tucker.net
941020,Rachel,Jacobson,Rachel.Jacobson@stephenson.com
698072,Danielle,Chavez,Danielle.Chavez@lawrence.com
800816,Victoria,Johnson,Victoria.Johnson@hess-wise.info
928416,Jeremy,Miller,Jeremy.Miller@davis.com
245226,Ashley,Cain,Ashley.Cain@gomez-jackson.biz
428606,Richard,Richardson,Richard.Richardson@smith.net
551605,William,Robinson,William.Robinson@skinner.biz
8501,Erica,Watson,Erica.Watson@snyder.net
591005,Jacob,Peterson,Jacob.Peterson@fisher.com
387802,Charles,Lawrence,Charles.Lawrence@maxwell.com
76215,Zachary,Walker,Zachary.Walker@harris-becker.com
574990,Kristin,Ferguson,Kristin.Ferguson@ramos.com
775471,Amy,Hopkins,Amy.Hopkins@berry.com
781733,Amanda,Woodward,Amanda.Woodward@allen.org
3645,Stephanie,Mcclain,Stephanie.Mcclain@wolfe-cole.com
119260,Robert,Jones,Robert.Jones@taylor-young.info
873461,Richard,Mann,Richard.Mann@george-lawrence.com
34661,Jonathan,Green,Jonathan.Green@lopez.biz
979238,Michele,Johnson,Michele.Johnson@peterson.biz
471436,Matthew,Hogan,Matthew.Hogan@young.com
873875,Sean,Russell,Sean.Russell@butler.info
795493,Heather,Diaz,Heather.Diaz@tanner.info
18824,Jessica,Compton,Jessica.Compton@nguyen.com
495319,Hannah,Bell,Hannah.Bell@melton.biz
876384,Tanya,Wang,Tanya.Wang@ford.com
156161,Christopher,Lutz,Christopher.Lutz@bryant-lin.com
321833,Nicole,Wyatt,Nicole.Wyatt@ellis-sloan.net
93252,Ronald,Gross,Ronald.Gross@gray.net
849839,Sara,Golden,Sara.Golden@orozco.biz
706835,Tanya,Price,Tanya.Price@davis.com
445709,Nicholas,English,Nicholas.English@lee.com
129542,Sara,Moore,Sara.Moore@hall.net
384856,Amy,Neal,Amy.Neal@pierce-goodman.com
813119,Emily,Carpenter,Emily.Carpenter@jackson.com
48740,Charles,Brown,Charles.Brown@webb-simmons.com
810553,Crystal,Parks,Crystal.Parks@white-holmes.com
689967,Chelsea,Myers,Chelsea.Myers@smith.biz
995787,Megan,Shelton,Megan.Shelton@huffman.com
346292,James,Jensen,James.Jensen@evans.com
41763,Russell,Thomas,Russell.Thomas@ochoa.com
325437,Carly,Miller,Carly.Miller@adams.com
108216,Steven,Garcia,Steven.Garcia@lynn.com
528149,Bruce,Mathis,Bruce.Mathis@martinez.com
524288,Collin,Jacobs,Collin.Jacobs@harper-harris.info
986278,Alison,Martinez,Alison.Martinez@oneal.org
768007,Scott,Hill,Scott.Hill@king.net
82648,Timothy,Perkins,Timothy.Perkins@preston-rice.com
818984,George,Clayton,George.Clayton@arnold.com
788808,Taylor,Morgan,Taylor.Morgan@garcia.com
743278,Ross,Rice,Ross.Rice@alexander.com
195828,William,Eaton,William.Eaton@white.net
700421,Gregory,Smith,Gregory.Smith@ward-quinn.com
54236,Stephanie,Scott,Stephanie.Scott@gonzales.info
969264,Lisa,Allen,Lisa.Allen@hill.com
83403,Anthony,Taylor,Anthony.Taylor@hall.com
114889,Barbara,Cook,Barbara.Cook@daniels-gonzalez.com
394498,Kevin,Lowe,Kevin.Lowe@edwards.com
997921,Mike,Campbell,Mike.Campbell@mora.info
173298,Pamela,Lawson,Pamela.Lawson@lane-gould.com
157944,Cody,Allen,Cody.Allen@burgess.com
975966,Teresa,Garrett,Teresa.Garrett@dougherty.net
187444,Ryan,Curry,Ryan.Curry@fitzpatrick.com
203785,Stephanie,Mullins,Stephanie.Mullins@ross.com
885352,Courtney,Boone,Courtney.Boone@rich.net
416831,Diana,Chapman,Diana.Chapman@dickerson.com
693789,Douglas,Brennan,Douglas.Brennan@le.com
518329,Barry,Davis,Barry.Davis@dunlap.org
301824,Kara,Norman,Kara.Norman@johnson.com
991903,Alicia,Franklin,Alicia.Franklin@wagner.com
904195,Lisa,Henderson,Lisa.Henderson@taylor.com
851571,Maria,Oliver,Maria.Oliver@flores-valenzuela.com
788599,Vicki,Scott,Vicki.Scott@white-romero.com
288612,Amanda,Wilson,Amanda.Wilson@bryan-singleton.net
97240,James,Smith,James.Smith@hughes.com
755984,Samuel,Sims,Samuel.Sims@peterson-garza.com
926275,Robert,Spencer,Robert.Spencer@sanchez.com
851372,Melinda,Guzman,Melinda.Guzman@jackson.net
688103,Andrea,Wilson,Andrea.Wilson@sanchez-garza.com
139427,Jennifer,Jones,Jennifer.Jones@jones.biz
603285,Nicole,Mills,Nicole.Mills@rogers.com
257110,Thomas,Smith,Thomas.Smith@bolton.com
234431,Samantha,Gibson,Samantha.Gibson@ball.com
839100,Meagan,Golden,Meagan.Golden@dixon.org
798925,Brandon,Lee,Brandon.Lee@contreras.com
951555,Traci,Moran,Traci.Moran@pacheco.org
209405,Kathryn,Floyd,Kathryn.Floyd@curtis.com
70987,Julie,Reed,Julie.Reed@summers.info
820638,Kimberly,Goodman,Kimberly.Goodman@andrews.com
161293,Monica,Campbell,Monica.Campbell@meadows.biz
845276,Samantha,Ramirez,Samantha.Ramirez@thomas.com
435806,Crystal,Guzman,Crystal.Guzman@marsh-lopez.com
763240,Yvonne,Schultz,Yvonne.Schultz@stafford.com
593526,Nathan,Cherry,Nathan.Cherry@black.com
134141,Brandon,Arroyo,Brandon.Arroyo@haley-thompson.com
231527,Arthur,Rivera,Arthur.Rivera@lopez-ryan.net
455876,Zachary,Williams,Zachary.Williams@palmer.com
582885,William,Dudley,William.Dudley@hill.com
638505,Brianna,Castillo,Brianna.Castillo@williams.com
381702,Heather,Manning,Heather.Manning@farley.biz
852382,Lauren,Flores,Lauren.Flores@mcpherson.com
137207,Nicholas,Castro,Nicholas.Castro@vang-wilson.com
553249,Angela,Miller,Angela.Miller@moss.net
462197,James,Riley,James.Riley@hodges.com
297724,Amanda,Jordan,Amanda.Jordan@raymond.com
121937,Julie,Phillips,Julie.Phillips@alexander-vargas.com
976305,George,Wood,George.Wood@odom-hampton.org
141812,Jose,Oliver,Jose.Oliver@white.biz
128370,Laura,Allen,Laura.Allen@vega.com
616325,Laurie,Rivera,Laurie.Rivera@hardy.info
257192,Casey,Miller,Casey.Miller@marks.net
254326,Jamie,Hall,Jamie.Hall@rodriguez.net
197454,Stephanie,Carroll,Stephanie.Carroll@baker.com
150527,Gabriel,Mccann,Gabriel.Mccann@anderson-horton.com
918624,Robert,Gonzalez,Robert.Gonzalez@owens-thompson.net
542553,Pamela,Riley,Pamela.Riley@hardin.org
819257,Courtney,Olson,Courtney.Olson@phillips-sanders.info
335535,Michael,James,Michael.James@thomas.com
272545,Jennifer,Beck,Jennifer.Beck@pope.org
597823,James,Gaines,James.Gaines@baker.info
952056,Thomas,Taylor,Thomas.Taylor@washington.com
866061,Ryan,Miller,Ryan.Miller@salinas-thomas.com
715028,Tracy,Garcia,Tracy.Garcia@buckley.com
456097,April,King,April.King@guzman.info
331664,Abigail,Stewart,Abigail.Stewart@morgan-mccormick.com
579661,Isabella,Graves,Isabella.Graves@williams.com
561481,Alexandria,Brooks,Alexandria.Brooks@taylor.com
26323,Timothy,Allen,Timothy.Allen@cabrera.com
833636,Clifford,Robbins,Clifford.Robbins@johnson-colon.info
191458,Michael,Roberts,Michael.Roberts@baker-duncan.net
197362,Nicole,Fuentes,Nicole.Fuentes@cole.com
962772,Daniel,Byrd,Daniel.Byrd@thompson-martinez.com
976927,Matthew,Baker,Matthew.Baker@ewing-rodriguez.com
428657,Alexandria,Jimenez,Alexandria.Jimenez@gutierrez-taylor.com
222032,Michael,Baker,Michael.Baker@torres.com
34548,Tracey,Cooper,Tracey.Cooper@davis.com
683076,Amanda,Camacho,Amanda.Camacho@fleming-taylor.com
664618,Tammy,Cannon,Tammy.Cannon@bailey.com
695596,Jamie,Ellis,Jamie.Ellis@johnson.com
410433,Tamara,Wright,Tamara.Wright@davis.com
221522,Jamie,Davis,Jamie.Davis@wallace.org
214572,Brandy,Edwards,Brandy.Edwards@garcia-marshall.org
243205,Michael,Hansen,Michael.Hansen@wilson-nguyen.net
849502,John,Robbins,John.Robbins@harris.com
930728,Alyssa,Simmons,Alyssa.Simmons@holmes-pratt.net
72225,Richard,Chambers,Richard.Chambers@strickland-stark.org
48805,Matthew,Bass,Matthew.Bass@neal.info
640943,David,Lewis,David.Lewis@holmes.com
404753,Erika,Choi,Erika.Choi@hanna.info
360475,Joseph,Alvarez,Joseph.Alvarez@cox.biz
970615,Alexander,Henry,Alexander.Henry@lambert-flores.biz
104455,Kimberly,Chavez,Kimberly.Chavez@thomas.org
498479,Tara,Chambers,Tara.Chambers@scott.com
391237,Derek,Mcdowell,Derek.Mcdowell@knox-ball.com
771636,Keith,Daniel,Keith.Daniel@bartlett.com
407711,Barry,Wallace,Barry.Wallace@valenzuela-lewis.com
364578,Monica,Anderson,Monica.Anderson@vega.net
340252,Beth,Haas,Beth.Haas@kidd.net
208000,April,Edwards,April.Edwards@smith.net
296447,Eric,Duarte,Eric.Duarte@villarreal.com
448814,Ricky,Pratt,Ricky.Pratt@williams-waters.com
883910,Jeffrey,Peters,Jeffrey.Peters@landry.com
71624,Kelly,Hunt,Kelly.Hunt@davis.org
902992,Adrian,Berg,Adrian.Berg@green.net
857065,Christine,Patel,Christine.Patel@salazar.com
60774,Steven,Tran,Steven.Tran@taylor-stewart.com
354917,James,Davila,James.Davila@davis.org
372311,Kelly,Becker,Kelly.Becker@wolf-leach.info
313364,Theodore,Garcia,Theodore.Garcia@khan.com
141237,Paul,Myers,Paul.Myers@stewart.com
355239,Emily,Lowe,Emily.Lowe@forbes.com
971908,Katrina,Gonzalez,Katrina.Gonzalez@webb.com
797300,Teresa,Miller,Teresa.Miller@campbell.com
337728,Michael,Mendoza,Michael.Mendoza@cross-huber.com
770066,Tiffany,Ellis,Tiffany.Ellis@fuller-kent.com
669200,Marie,Waters,Marie.Waters@jenkins.info
953964,Deborah,Mercado,Deborah.Mercado@lee.com
26064,Reginald,Gill,Reginald.Gill@hoover.com
234529,Megan,Benjamin,Megan.Benjamin@anderson.info
18038,Richard,Mckenzie,Richard.Mckenzie@adams.info
237032,James,Santos,James.Santos@cook-hammond.com
62136,John,Wilson,John.Wilson@long-ali.info
482177,Michael,Yu,Michael.Yu@zhang.info
373920,Kimberly,Shelton,Kimberly.Shelton@wilson.com
911390,Barry,Martin,Barry.Martin@ellis-whitaker.com
489041,Timothy,Porter,Timothy.Porter@bryan.net
867950,Charles,White,Charles.White@bryant.net
294304,Robert,Henderson,Robert.Henderson@mcbride-phillips.com
230333,Helen,Doyle,Helen.Doyle@potter-lawrence.org
647964,Ronald,Ochoa,Ronald.Ochoa@lang-sanchez.net
198487,Charles,Oconnor,Charles.Oconnor@garcia.net
60239,Jennifer,Perry,Jennifer.Perry@quinn.com
504854,Dylan,Hawkins,Dylan.Hawkins@black-jones.com
60639,Donald,Stanton,Donald.Stanton@gilbert.com
753819,David,Bailey,David.Bailey@dunn.com
670966,Sabrina,Taylor,Sabrina.Taylor@perez.biz
421701,Earl,Anderson,Earl.Anderson@miller-smith.com
796900,Diana,Olson,Diana.Olson@johnson.org
444727,Cole,Fletcher,Cole.Fletcher@greene.com
165730,Samantha,Bell,Samantha.Bell@holland.biz
70840,Katie,Tucker,Katie.Tucker@williamson.com
271276,Amanda,Meza,Amanda.Meza@bradley.biz
950944,Alexis,Weaver,Alexis.Weaver@johnston.com
360332,Stephanie,Parsons,Stephanie.Parsons@woodard-hernandez.com
771727,Connie,Forbes,Connie.Forbes@howard-carney.com
750617,Danielle,Gibson,Danielle.Gibson@livingston-young.com
396529,Elizabeth,Turner,Elizabeth.Turner@obrien.org
237204,Lisa,Tran,Lisa.Tran@byrd.com
133928,Jennifer,Mayo,Jennifer.Mayo@tran.biz
933115,Richard,Robinson,Richard.Robinson@cook-diaz.com
924816,Sharon,Martin,Sharon.Martin@hoffman.biz
587615,Brian,Sullivan,Brian.Sullivan@buchanan-nichols.biz
757272,Corey,Brewer,Corey.Brewer@sutton.biz
813476,Amy,Johns,Amy.Johns@powell.com
638085,Barbara,Murray,Barbara.Murray@hudson.org
23501,Jodi,Adams,Jodi.Adams@romero.net
643501,Courtney,Smith,Courtney.Smith@brown.net
558170,Michael,Frank,Michael.Frank@wilson.info
124484,Carolyn,Miller,Carolyn.Miller@watson-quinn.com
323129,Crystal,Johnson,Crystal.Johnson@frye.com
618811,Misty,Mitchell,Misty.Mitchell@adams.info
8603,Joseph,Williams,Joseph.Williams@sawyer-santiago.com
236919,Michael,Stark,Michael.Stark@wood-thomas.com
679872,Jeffrey,Sanders,Jeffrey.Sanders@rocha.com
870786,Daniel,Brooks,Daniel.Brooks@fowler.org
632635,Daniel,Reynolds,Daniel.Reynolds@moses-miller.com
955514,Jennifer,Weber,Jennifer.Weber@castillo.com
984567,Jacqueline,Thompson,Jacqueline.Thompson@gibson.com
346955,Robert,Rodriguez,Robert.Rodriguez@cole-evans.com
569309,Morgan,Morgan,Morgan.Morgan@oliver.info
964821,Andrea,Davenport,Andrea.Davenport@shaw.com
231044,Christopher,Johnson,Christopher.Johnson@burns-miller.info
617741,Walter,Stevenson,Walter.Stevenson@smith-adams.com
405446,Toni,White,Toni.White@peterson.biz
532299,Patricia,Allen,Patricia.Allen@silva-gonzales.com
969507,Amy,Ryan,Amy.Ryan@nichols-meyer.info
456544,Jennifer,Short,Jennifer.Short@martinez.net
824014,Erin,Marquez,Erin.Marquez@davis-perez.com
348357,Tina,Stone,Tina.Stone@sanchez.com
933006,Jordan,Thomas,Jordan.Thomas@mason.net
552763,Edward,Scott,Edward.Scott@gonzalez-johnston.biz
660982,Stacy,Silva,Stacy.Silva@roach.com
553739,Julie,Walker,Julie.Walker@carson-wood.com
954936,Ashley,Henderson,Ashley.Henderson@white-grant.com
753218,James,Porter,James.Porter@williams.com
490505,Brandon,Moody,Brandon.Moody@campbell.net
440656,Holly,Phelps,Holly.Phelps@hernandez.com
802286,Shannon,Clark,Shannon.Clark@turner.com
768461,Douglas,Tucker,Douglas.Tucker@johnson-michael.com
194071,Robert,Carter,Robert.Carter@hughes-williams.info
553083,Jacqueline,Smith,Jacqueline.Smith@butler.com
946341,Lawrence,Brown,Lawrence.Brown@ryan.biz
529229,Cheryl,Stevens,Cheryl.Stevens@johnson.org
957680,Kevin,Roberts,Kevin.Roberts@zuniga-jones.com
112941,Lisa,Ramos,Lisa.Ramos@saunders.com
831613,Joy,Norton,Joy.Norton@williamson.com
67238,Shane,Brandt,Shane.Brandt@strickland.com
936337,Kristen,King,Kristen.King@rodriguez.com
100295,Jamie,Hines,Jamie.Hines@allen.com
315186,Heather,Acevedo,Heather.Acevedo@freeman.org
419056,Matthew,Allen,Matthew.Allen@stone.info
994675,Patricia,Stevenson,Patricia.Stevenson@ballard.net
810688,John,Fritz,John.Fritz@wolfe.com
936144,Kimberly,Rodriguez,Kimberly.Rodriguez@fisher.biz
611442,Daniel,Green,Daniel.Green@myers-ramirez.com
396623,Christopher,Ellis,Christopher.Ellis@jones-keller.com
163528,Kristin,Johnson,Kristin.Johnson@johns.info
745524,Randy,Gilbert,Randy.Gilbert@riddle.com
618959,Diana,Miller,Diana.Miller@cervantes.com
645793,Rachel,Lopez,Rachel.Lopez@torres-contreras.info
153326,Emily,Chavez,Emily.Chavez@lucero-aguirre.com
411356,Regina,Williams,Regina.Williams@may-howell.com
237825,James,Vasquez,James.Vasquez@cruz.com
233191,Heather,Guzman,Heather.Guzman@howard-castro.org
479979,Mitchell,Rodriguez,Mitchell.Rodriguez@bryant-stone.info
773297,Jorge,Gonzalez,Jorge.Gonzalez@anderson.org
564983,Robin,Walters,Robin.Walters@lewis-avila.info
690163,Steven,Burnett,Steven.Burnett@jones-holloway.com
362557,Paul,Rubio,Paul.Rubio@mccall-mason.info
687252,Caitlin,Lawson,Caitlin.Lawson@potter.org
102111,Oscar,Smith,Oscar.Smith@pace.com
754092,Scott,Floyd,Scott.Floyd@carr.com
20312,Yolanda,Parker,Yolanda.Parker@woods.com
940932,Pamela,Nelson,Pamela.Nelson@myers.info
262315,Amanda,Sheppard,Amanda.Sheppard@woods.org
919058,Lisa,Moreno,Lisa.Moreno@coleman.com
579629,Robyn,Richard,Robyn.Richard@pena.com
960789,Collin,Newton,Collin.Newton@brown.com
616852,Bradley,Hernandez,Bradley.Hernandez@bernard.biz
870729,Sarah,Nelson,Sarah.Nelson@mitchell.biz
448750,Stephen,Romero,Stephen.Romero@swanson-bryant.com
469491,Nicole,Greer,Nicole.Greer@smith-lambert.com
588122,Nathan,Trevino,Nathan.Trevino@martin-morgan.com
703766,Larry,Mullins,Larry.Mullins@lowery-norman.org
992117,Eduardo,Gordon,Eduardo.Gordon@roberts-mora.net
142974,Jaime,Collins,Jaime.Collins@anderson-taylor.net
802483,Jessica,Thomas,Jessica.Thomas@mayer.info
211830,Carol,Schaefer,Carol.Schaefer@adams.org
794432,Christian,Frazier,Christian.Frazier@reyes.com
299793,George,Chavez,George.Chavez@sanders.org
890281,Morgan,Martin,Morgan.Martin@arnold-webb.info
70136,Amanda,Camacho,Amanda.Camacho@allen.org
693578,Erin,Cole,Erin.Cole@fowler-davis.biz
352591,Rebecca,Rivera,Rebecca.Rivera@black.com
741457,Courtney,Fletcher,Courtney.Fletcher@mendez.info
344711,Michael,Griffin,Michael.Griffin@smith.com
797607,Katherine,Wagner,Katherine.Wagner@thomas-craig.com
462769,Sean,Russell,Sean.Russell@garrison.com
200009,Deborah,Todd,Deborah.Todd@rodriguez-barrett.com
206423,James,Adams,James.Adams@hines.info
616882,Jessica,Pena,Jessica.Pena@phillips-castro.net
642688,Julie,Morgan,Julie.Morgan@washington.com
363758,Jackie,Gutierrez,Jackie.Gutierrez@bell-reed.info
613965,Courtney,Reid,Courtney.Reid@gamble-hicks.biz
849190,Michael,Chavez,Michael.Chavez@barnett-lynch.biz
107,Eric,Gaines,Eric.Gaines@miller.com
810793,Cathy,Parsons,Cathy.Parsons@boyer-brown.org
780699,Ricardo,Becker,Ricardo.Becker@mccall.net
203326,Timothy,Mccarthy,Timothy.Mccarthy@jones.info
324325,Sylvia,Jensen,Sylvia.Jensen@cortez.com
831696,Douglas,Zamora,Douglas.Zamora@lindsey-hernandez.net
396753,Karen,Roberts,Karen.Roberts@adams.org
182708,Brittany,Olson,Brittany.Olson@sanchez.com
332541,Tracy,Reed,Tracy.Reed@flynn-gonzalez.com
541263,Ashley,Thompson,Ashley.Thompson@henderson.org
716240,Derek,Mendez,Derek.Mendez@richardson.com
985262,Scott,Walker,Scott.Walker@lawson.com
803472,Gregory,Hunt,Gregory.Hunt@holmes.com
402962,Jim,James,Jim.James@garcia.com
380599,Lorraine,Jones,Lorraine.Jones@roberts.com
67890,Natasha,Sims,Natasha.Sims@collins-pittman.info
312414,Robert,Schwartz,Robert.Schwartz@cobb.com
290548,Paul,Evans,Paul.Evans@nichols.biz
391194,Amanda,Lewis,Amanda.Lewis@robinson.com
696824,Autumn,Petersen,Autumn.Petersen@aguilar.com
857239,Anthony,Diaz,Anthony.Diaz@lane.com
670173,Paula,Hardy,Paula.Hardy@morales.com
766282,Matthew,Scott,Matthew.Scott@watson-brown.com
719881,Laurie,Jones,Laurie.Jones@parsons.net
628403,Alex,Little,Alex.Little@deleon-curtis.com
20378,Lisa,Strickland,Lisa.Strickland@wall.info
763524,Chris,Willis,Chris.Willis@frazier.info
498364,Heather,Spears,Heather.Spears@mcmahon.org
706014,Ryan,Wilson,Ryan.Wilson@peterson.com
109922,Herbert,Blackburn,Herbert.Blackburn@higgins.com
478381,Stanley,Ho,Stanley.Ho@gutierrez-carter.org
351810,Jonathan,Ramirez,Jonathan.Ramirez@abbott.net
813961,Carmen,Petersen,Carmen.Petersen@hardy.com
237136,Nicole,Murphy,Nicole.Murphy@stewart-mason.net
959137,Richard,Burgess,Richard.Burgess@brewer.net
314799,Logan,Brown,Logan.Brown@alvarez.com
980819,John,Parker,John.Parker@taylor-romero.com
991338,Charles,Galvan,Charles.Galvan@allen-townsend.net
706980,Karla,Daniels,Karla.Daniels@stevens.com
599705,Michael,Garcia,Michael.Garcia@foster.com
281584,David,Garcia,David.Garcia@young.info
165969,Amanda,Davis,Amanda.Davis@price-hernandez.com
594682,Jason,Williams,Jason.Williams@wong-hall.org
289621,Kristy,Lee,Kristy.Lee@mcdaniel-church.com
955141,Kevin,Day,Kevin.Day@foster.com
535450,Caroline,Simmons,Caroline.Simmons@macdonald.com
227371,Erin,Cox,Erin.Cox@barnes-lewis.com
587559,Joshua,Thompson,Joshua.Thompson@leon.com
5676,Ryan,Martinez,Ryan.Martinez@schneider-ware.net
478214,Matthew,Walter,Matthew.Walter@berry.info
115229,Courtney,Chambers,Courtney.Chambers@landry.com
81549,Brian,Hayes,Brian.Hayes@martinez.com
814037,Tracey,Joseph,Tracey.Joseph@ray-sharp.com
878010,Joshua,Williams,Joshua.Williams@gonzales.com
313150,Sarah,Bishop,Sarah.Bishop@torres-burnett.com
996739,Robert,Rodriguez,Robert.Rodriguez@taylor-donovan.com
831787,Angela,Wheeler,Angela.Wheeler@harmon.org
259881,Karen,Hampton,Karen.Hampton@fletcher.com
576201,Angela,Charles,Angela.Charles@grimes-shepard.info
991341,Lindsay,Curtis,Lindsay.Curtis@mata.biz
906341,Patricia,Bailey,Patricia.Bailey@flowers.com
576217,Jeremy,Douglas,Jeremy.Douglas@norris.org
431817,Karla,Mcclure,Karla.Mcclure@mills-johnson.org
830803,Andrew,Thornton,Andrew.Thornton@clark.biz
615930,David,Smith,David.Smith@lozano-baxter.com
869578,Tammy,Dyer,Tammy.Dyer@white.com
582971,Jody,Barker,Jody.Barker@peters-peterson.com
978035,Dana,Frye,Dana.Frye@trujillo.org
282387,Paula,Anderson,Paula.Anderson@nelson.com
79543,Christopher,Lopez,Christopher.Lopez@hardin.com
672065,Rebecca,Wolf,Rebecca.Wolf@armstrong.org
189323,Jennifer,Garza,Jennifer.Garza@weber.com
387662,Jack,Douglas,Jack.Douglas@cross-weaver.org
589440,Kathleen,Perez,Kathleen.Perez@torres-peterson.com
117781,Adam,Velasquez,Adam.Velasquez@robbins.com
720366,Denise,Huffman,Denise.Huffman@dawson.info
25110,Amber,Haynes,Amber.Haynes@walker.com
531056,John,Dickerson,John.Dickerson@bell-garrison.info
74668,Robert,Campos,Robert.Campos@duncan.com
341514,Carolyn,Gardner,Carolyn.Gardner@hahn.org
13063,Jeffrey,Haney,Jeffrey.Haney@martin.com
561687,Tricia,Richardson,Tricia.Richardson@walker.net
158147,Alyssa,Nguyen,Alyssa.Nguyen@coffey-nicholson.com
257101,Jason,Travis,Jason.Travis@edwards-warren.com
202382,Lindsey,Hall,Lindsey.Hall@delacruz.com
46651,Brian,Simmons,Brian.Simmons@hurley.net
367176,Vanessa,Miller,Vanessa.Miller@jimenez-acevedo.org
825562,Natalie,Knapp,Natalie.Knapp@henry-davis.net
581938,Zachary,Pena,Zachary.Pena@smith.net
448645,Nathan,Horn,Nathan.Horn@hamilton.com
721021,Mariah,Stewart,Mariah.Stewart@hunt.biz
671954,Mikayla,Hunt,Mikayla.Hunt@doyle.info
943423,Patrick,Rios,Patrick.Rios@gibbs.com
21836,Kimberly,Rowe,Kimberly.Rowe@velazquez.biz
731321,Edward,Moreno,Edward.Moreno@diaz-escobar.com
601069,Donald,Thomas,Donald.Thomas@arnold.info
705641,Sharon,Oliver,Sharon.Oliver@dean-garcia.net
53343,Paula,Moore,Paula.Moore@stein.org
118572,Shane,Johnson,Shane.Johnson@welch.biz
26887,Joan,Santana,Joan.Santana@gray.info
864429,Jason,Jones,Jason.Jones@harris-hall.com
150409,David,Lynn,David.Lynn@anderson.com
225745,Nicole,Williams,Nicole.Williams@smith.com
690072,Valerie,Wilson,Valerie.Wilson@white-nguyen.com
385200,Justin,Patel,Justin.Patel@paul.com
201577,James,Leach,James.Leach@lewis.com
129165,Stacey,Chapman,Stacey.Chapman@miller-holland.com
880890,Jerry,Miles,Jerry.Miles@perez-wells.com
612266,Steven,Bryant,Steven.Bryant@porter.com
838508,Robert,Brown,Robert.Brown@franco-clayton.com
455385,Todd,Rivera,Todd.Rivera@scott.com
686424,Kathleen,Mcknight,Kathleen.Mcknight@clark.org
638837,Robert,Flores,Robert.Flores@olson.com
77868,Christina,Fisher,Christina.Fisher@beltran.com
139901,Walter,Mccormick,Walter.Mccormick@estes.com
795482,Brandon,Blair,Brandon.Blair@page.com
481102,George,Taylor,George.Taylor@farmer.biz
264378,Sandra,Patterson,Sandra.Patterson@romero-brown.com
907844,Sonya,Mercer,Sonya.Mercer@blankenship-romero.net
979126,Marc,Sims,Marc.Sims@lopez-bryant.com
68085,Gina,Clay,Gina.Clay@brown-payne.com
49364,Christian,Kim,Christian.Kim@holland.org
247620,Morgan,Flores,Morgan.Flores@long-banks.com
598246,Christina,Alvarez,Christina.Alvarez@woodard-knapp.com
433593,Karen,Green,Karen.Green@thomas.com
206620,Andrew,Delgado,Andrew.Delgado@williams.biz
225706,Daniel,Griffith,Daniel.Griffith@hunt.net
637096,Michael,Lam,Michael.Lam@allen-smith.com
369163,Tony,Coleman,Tony.Coleman@gibson.com
936065,Amanda,Rogers,Amanda.Rogers@armstrong.com
895040,John,Thompson,John.Thompson@ochoa.org
569181,Kevin,Dunn,Kevin.Dunn@brown.com
284208,Paul,Conley,Paul.Conley@liu.org
996175,Steven,Matthews,Steven.Matthews@gay-greer.com
414665,Timothy,Curry,Timothy.Curry@singleton.org
796883,Scott,Adams,Scott.Adams@thornton.com
436811,Shannon,Davenport,Shannon.Davenport@fitzgerald.info
496801,Karen,Roberts,Karen.Roberts@bradford.com
581964,Andrew,Lee,Andrew.Lee@chavez.com
907688,Douglas,Sanchez,Douglas.Sanchez@taylor.com
869187,Sean,Lopez,Sean.Lopez@andrews.biz
658698,Ralph,Taylor,Ralph.Taylor@lambert-reed.biz
347999,Anna,James,Anna.James@riley.com
947557,Derrick,Phillips,Derrick.Phillips@peterson.com
735455,Clifford,Moore,Clifford.Moore@nguyen-murphy.org
983134,Glenn,Davis,Glenn.Davis@chandler-klein.org
71331,Brenda,Allison,Brenda.Allison@robinson.com
929741,Louis,Turner,Louis.Turner@matthews.net
616105,Ashley,Mcdonald,Ashley.Mcdonald@blanchard.com
580827,Taylor,Alvarez,Taylor.Alvarez@baker.com
164816,Breanna,Parks,Breanna.Parks@farley-lee.biz
952932,Michael,Kelly,Michael.Kelly@watson.com
910758,Tanner,Mitchell,Tanner.Mitchell@jones.com
140897,Mariah,Crawford,Mariah.Crawford@bryan.com
108609,Hayden,Joseph,Hayden.Joseph@stark.org
829906,Christian,Porter,Christian.Porter@smith-marshall.com
699413,Michael,Collins,Michael.Collins@baker-rice.com
728367,Keith,Guerra,Keith.Guerra@evans.info
571205,Katherine,Turner,Katherine.Turner@malone.com
631645,Jonathan,Mitchell,Jonathan.Mitchell@hayden-hill.com
614649,Kelly,Smith,Kelly.Smith@hoover-brown.info
239117,Denise,Garrett,Denise.Garrett@sanchez.com
362646,Joshua,Webb,Joshua.Webb@harper.com
617029,Carolyn,Burgess,Carolyn.Burgess@davenport.org
570837,Edward,Williams,Edward.Williams@walker.com
686791,John,Luna,John.Luna@perry.com
512816,Charles,Williamson,Charles.Williamson@williams-madden.com
561796,Michelle,Martinez,Michelle.Martinez@bryant.com
986301,Deanna,Phillips,Deanna.Phillips@esparza.com
932786,Stephanie,Smith,Stephanie.Smith@morgan.com
248284,Melissa,Hayes,Melissa.Hayes@jackson-tyler.com
970217,Bianca,Reese,Bianca.Reese@brown-trujillo.net
47315,Jamie,Schroeder,Jamie.Schroeder@wong.org
781855,Chad,Jackson,Chad.Jackson@lynch.info
563910,Andrew,Orozco,Andrew.Orozco@oconnor.biz
592330,Randall,Ward,Randall.Ward@sanchez-smith.com
354244,Lisa,Garrett,Lisa.Garrett@armstrong-kelley.info
500929,Mark,Arellano,Mark.Arellano@beltran.com
394026,Veronica,Beltran,Veronica.Beltran@key-santos.org
830860,Tracy,Camacho,Tracy.Camacho@boyer.com
814675,Tammy,Wilkins,Tammy.Wilkins@harris.com
287530,Peter,Ross,Peter.Ross@ware.com
202224,Kathryn,Wallace,Kathryn.Wallace@stone.com
528797,Grace,Johnson,Grace.Johnson@cook.org
295622,Zoe,Gardner,Zoe.Gardner@ross-perez.info
199862,Kenneth,Miller,Kenneth.Miller@davis-dalton.biz
766598,Mark,Waters,Mark.Waters@davis.com
685035,Daniel,Leblanc,Daniel.Leblanc@cain.biz
224046,Samuel,White,Samuel.White@patel.com
858308,Michael,Nelson,Michael.Nelson@burns.biz
355982,Miguel,Smith,Miguel.Smith@young-moore.info
789006,James,Landry,James.Landry@hooper.com
932723,Debbie,Rojas,Debbie.Rojas@shepherd.com
857498,David,Garcia,David.Garcia@campos.com
167045,Lauren,Welch,Lauren.Welch@jones-ellison.com
169601,Christopher,Hall,Christopher.Hall@bryant.com
137439,Lee,Chavez,Lee.Chavez@evans.net
964368,William,Flores,William.Flores@mayer.com
690034,Brian,Mullins,Brian.Mullins@richmond.net
329392,Richard,Stanton,Richard.Stanton@williams.info
487876,Susan,Haas,Susan.Haas@olsen-ramirez.com
760077,Benjamin,Rodriguez,Benjamin.Rodriguez@white-romero.info
417899,Jacob,Lyons,Jacob.Lyons@beasley.com
317330,Dustin,Mcgee,Dustin.Mcgee@phillips.com
746043,Cynthia,Harris,Cynthia.Harris@brown.com
231736,Lauren,Evans,Lauren.Evans@figueroa.com
643396,Kristine,Gonzalez,Kristine.Gonzalez@mccall-cruz.net
174035,Yvette,Johns,Yvette.Johns@carr.info
30440,Jill,Lee,Jill.Lee@randolph-craig.com
40481,Sheila,Holt,Sheila.Holt@shields.com
3451,Mary,Brown,Mary.Brown@phelps.com
16391,Jonathan,Obrien,Jonathan.Obrien@scott.com
702849,Tyler,Foster,Tyler.Foster@walsh.org
625594,Jeremiah,Hernandez,Jeremiah.Hernandez@gentry-browning.com
370969,Erica,Walters,Erica.Walters@moore-sanders.biz
987480,Tanner,Reyes,Tanner.Reyes@moore-pena.com
975172,Robert,Fleming,Robert.Fleming@blackwell-crawford.info
723953,Jennifer,Contreras,Jennifer.Contreras@hubbard-lynch.biz
163940,Linda,Bradley,Linda.Bradley@smith.biz
613125,Melissa,Collins,Melissa.Collins@vargas-garcia.com
126886,Lynn,Gill,Lynn.Gill@robinson.com
639096,Diana,Contreras,Diana.Contreras@sheppard.org
873594,Timothy,Rosales,Timothy.Rosales@moss-osborne.biz
418252,Matthew,Peterson,Matthew.Peterson@thomas.net
740560,Danielle,Smith,Danielle.Smith@smith.com
868003,David,Wilson,David.Wilson@orr.com
568623,Jason,Hawkins,Jason.Hawkins@harris.com
260215,Tammy,Bennett,Tammy.Bennett@davis-stone.info
185223,Paul,French,Paul.French@hall.net
98220,Leslie,Myers,Leslie.Myers@king-lopez.net
435830,Patrick,Jimenez,Patrick.Jimenez@davis-taylor.com
862124,Natalie,Phelps,Natalie.Phelps@marquez.com
82150,Logan,Cox,Logan.Cox@moore.com
262477,John,Lang,John.Lang@reid.com
687418,Bryan,Harding,Bryan.Harding@sanchez-hall.info
211151,Joshua,Wiggins,Joshua.Wiggins@williams.org
310406,Timothy,Lynch,Timothy.Lynch@ellison.biz
498001,Louis,Perry,Louis.Perry@rios.net
733730,Sierra,Grant,Sierra.Grant@green.net
652569,Melissa,Gross,Melissa.Gross@taylor-harris.com
749171,Laura,Roth,Laura.Roth@morse.org
551263,Susan,Landry,Susan.Landry@myers.com
210579,Justin,Kline,Justin.Kline@welch.org
427172,Thomas,Tran,Thomas.Tran@butler.com
237959,Steven,Hernandez,Steven.Hernandez@harris.com
330694,Christopher,Hammond,Christopher.Hammond@miller.info
319744,John,Mullins,John.Mullins@knight.com
699879,Jackie,Peterson,Jackie.Peterson@moore-wilson.com
354453,Edward,Thomas,Edward.Thomas@nolan.com
877124,Joseph,Douglas,Joseph.Douglas@miller.org
704257,Zachary,Kaufman,Zachary.Kaufman@harris-miller.net
302547,Jennifer,Davis,Jennifer.Davis@anderson-nguyen.biz
906518,Daniel,Diaz,Daniel.Diaz@wilcox.net
87058,Olivia,Lewis,Olivia.Lewis@anderson.com
282165,William,Valencia,William.Valencia@clayton.com
694549,Jonathan,Frost,Jonathan.Frost@shannon.net
868313,Samuel,Hicks,Samuel.Hicks@andrews.com
29921,John,Spears,John.Spears@williams-rodgers.com
916965,Adam,Huerta,Adam.Huerta@harris-rodriguez.com
5089,Andrew,Mcfarland,Andrew.Mcfarland@bowen.net
658855,Timothy,White,Timothy.White@nelson-gibbs.com
572964,Steven,Smith,Steven.Smith@hanson.com
587625,Michael,Lopez,Michael.Lopez@thomas.com
904030,Jacob,Vincent,Jacob.Vincent@nash.com
660093,Donna,Cole,Donna.Cole@elliott.com
934111,Tiffany,Simmons,Tiffany.Simmons@rodriguez-dixon.com
86312,Julia,Elliott,Julia.Elliott@savage-williams.com
878202,Kevin,Avila,Kevin.Avila@perez.net
413993,Debra,Smith,Debra.Smith@garcia-kemp.com
237638,Benjamin,Vaughn,Benjamin.Vaughn@williams.com
551817,Justin,Downs,Justin.Downs@owens.info
678078,Jeffery,Hanna,Jeffery.Hanna@turner.com
156691,Joshua,Evans,Joshua.Evans@ryan.info
343793,Anthony,Davis,Anthony.Davis@phillips.com
971531,Melanie,Villarreal,Melanie.Villarreal@johnson.com
86749,Jenna,Conway,Jenna.Conway@moon.org
829647,Heather,Young,Heather.Young@gomez.info
175545,Pamela,Gallegos,Pamela.Gallegos@rush.biz
355849,Samantha,Rodriguez,Samantha.Rodriguez@miller.com
308125,Rebecca,Byrd,Rebecca.Byrd@oliver.com
131646,Wendy,Taylor,Wendy.Taylor@jenkins.com
833812,Andrew,Carrillo,Andrew.Carrillo@fisher.net
141756,Brenda,Garrett,Brenda.Garrett@lara-suarez.com
466835,Alicia,Guzman,Alicia.Guzman@cline.com
984835,Luis,Rojas,Luis.Rojas@murphy-rowland.org
992751,Tara,Miller,Tara.Miller@weber.com
155602,Lauren,White,Lauren.White@sullivan.net
334517,Shelby,Lamb,Shelby.Lamb@armstrong.com
181773,Tamara,Rogers,Tamara.Rogers@maxwell-rosario.org
950513,Sandra,Winters,Sandra.Winters@moreno.com
679125,Nathan,Jackson,Nathan.Jackson@brown.com
713033,Alyssa,Harrison,Alyssa.Harrison@roberts-garza.com
716428,Laurie,Cox,Laurie.Cox@grimes.biz
24774,Heather,Campbell,Heather.Campbell@mcgee-hartman.com
200487,April,Landry,April.Landry@fisher-barker.biz
612344,Marvin,White,Marvin.White@hartman-hayes.com
665628,Gilbert,Mitchell,Gilbert.Mitchell@hines-crawford.info
170310,Jessica,Ball,Jessica.Ball@bryant.info
497971,Rebecca,Velasquez,Rebecca.Velasquez@kim-shields.com
279832,Louis,Irwin,Louis.Irwin@bishop.com
441783,Timothy,Payne,Timothy.Payne@adams-bryant.net
967528,Ashley,Delgado,Ashley.Delgado@martin-miller.com
614547,Jonathan,Perry,Jonathan.Perry@west.org
545507,Valerie,Rogers,Valerie.Rogers@freeman.com
727677,Joshua,Padilla,Joshua.Padilla@andrews.info
355706,Rodney,Porter,Rodney.Porter@gonzales.info
871102,Catherine,Garcia,Catherine.Garcia@harris.org
928163,Ashley,Erickson,Ashley.Erickson@robbins.com
786378,Sandy,Bryan,Sandy.Bryan@harris.com
665473,Jennifer,Welch,Jennifer.Welch@ford-moore.com
318968,Kyle,Mccarthy,Kyle.Mccarthy@nielsen-johnson.com
908967,Lauren,Saunders,Lauren.Saunders@peck.net
105286,Jennifer,Newman,Jennifer.Newman@harris-harvey.net
715952,Donald,Reyes,Donald.Reyes@cunningham-glover.com
816742,Jacqueline,Taylor,Jacqueline.Taylor@beltran.com
101284,Frank,Pitts,Frank.Pitts@todd.com
35221,Tina,Wheeler,Tina.Wheeler@gray-phillips.com
304132,Katie,Jenkins,Katie.Jenkins@henderson-collins.com
964523,Reginald,Stewart,Reginald.Stewart@cole.com
510791,Victoria,Johnson,Victoria.Johnson@smith.net
689312,Derek,Potter,Derek.Potter@parker.com
373636,Karen,Miller,Karen.Miller@reynolds.net
608531,Keith,White,Keith.White@robinson.com
477214,Kathy,Bates,Kathy.Bates@anderson.info
769325,Debbie,Davidson,Debbie.Davidson@bradford.com
393447,Brian,Cantrell,Brian.Cantrell@goodman-higgins.org
412595,Emily,Mejia,Emily.Mejia@coleman-miles.com
148247,William,Scott,William.Scott@williams-fritz.org
803895,Andrew,Morris,Andrew.Morris@bennett.org
319211,Michelle,Rodriguez,Michelle.Rodriguez@ramos.com
697384,Debra,Villanueva,Debra.Villanueva@irwin-bryant.com
13664,Elizabeth,Willis,Elizabeth.Willis@barton-williamson.org
258249,Ashley,Jordan,Ashley.Jordan@fisher.net
902744,Daniel,King,Daniel.King@duran.com
694357,John,Neal,John.Neal@evans.info
682351,Anthony,Salinas,Anthony.Salinas@perez-davis.net
486961,Mark,Lucero,Mark.Lucero@cunningham.com
248227,Adam,Stewart,Adam.Stewart@martinez-villegas.biz
80337,Amy,Lane,Amy.Lane@morales-evans.biz
562061,Jeffrey,Pierce,Jeffrey.Pierce@sweeney-cortez.com
923123,Cynthia,Watkins,Cynthia.Watkins@adams.biz
6632,Nathaniel,Keller,Nathaniel.Keller@todd-beck.biz
944771,Melanie,Smith,Melanie.Smith@underwood.com
559063,Denise,Washington,Denise.Washington@long-ramirez.com
251861,Michelle,Wilkerson,Michelle.Wilkerson@myers.com
261311,Kristina,Whitney,Kristina.Whitney@mcclain.net
163580,Taylor,Clark,Taylor.Clark@thompson.info
666763,Courtney,Williams,Courtney.Williams@sanchez.com
603372,John,Wheeler,John.Wheeler@hogan.biz
919453,Brianna,Hardy,Brianna.Hardy@obrien-moon.com
463298,David,Nguyen,David.Nguyen@ibarra-may.org
542287,Heather,Williams,Heather.Williams@pittman.org
730121,Jacob,Hammond,Jacob.Hammond@garcia.com
883932,Carol,Reid,Carol.Reid@owens.com
199412,Nicole,Smith,Nicole.Smith@gould-walker.com
682548,Danielle,Jones,Danielle.Jones@brown.com
516364,Jeffrey,Benton,Jeffrey.Benton@garrison.net
939563,Lisa,Jackson,Lisa.Jackson@lewis.com
695663,Donald,Clements,Donald.Clements@wilson.info
837972,John,Dennis,John.Dennis@webster.com
571986,Richard,Massey,Richard.Massey@scott.com
174151,Nicholas,Richardson,Nicholas.Richardson@mills-francis.com
470626,Brenda,Fisher,Brenda.Fisher@caldwell.biz
622430,Maria,Black,Maria.Black@taylor.com
913682,Zachary,Black,Zachary.Black@becker-rodriguez.net
124773,Henry,Briggs,Henry.Briggs@harris.com
711421,Brian,Walker,Brian.Walker@quinn.com
299135,Alan,Torres,Alan.Torres@hill.net
57679,Jessica,Wright,Jessica.Wright@reyes.com
771216,Jeremy,Sullivan,Jeremy.Sullivan@harris.com
420285,Susan,Bowman,Susan.Bowman@mccullough.com
488349,Teresa,Campbell,Teresa.Campbell@campbell-guerrero.com
974171,James,Kelly,James.Kelly@keller-johnson.info
873563,Shirley,Miller,Shirley.Miller@hughes.biz
681556,Ariel,Cox,Ariel.Cox@ortega-neal.org
817623,Robert,Allison,Robert.Allison@perez.com
412062,Sarah,Gonzalez,Sarah.Gonzalez@payne.com
955046,Lisa,Smith,Lisa.Smith@adams.info
620110,Jason,Murray,Jason.Murray@chambers.info
391138,Donna,Anderson,Donna.Anderson@harding.com
800740,Karen,Bell,Karen.Bell@maynard.biz
934710,Rebecca,Johnson,Rebecca.Johnson@miller.com
8545,Lori,Baker,Lori.Baker@larsen.info
907910,Randy,Allen,Randy.Allen@turner.org
105852,Anthony,Wilson,Anthony.Wilson@gordon-lopez.com
182220,Joel,Fernandez,Joel.Fernandez@baker-mcguire.com
19452,Caitlin,Coffey,Caitlin.Coffey@estes.com
14934,Tina,Rios,Tina.Rios@bowen.com
817517,Eric,Bright,Eric.Bright@rocha.org
324530,Angelica,Young,Angelica.Young@clark.org
605866,Christina,Ramirez,Christina.Ramirez@willis.info
445549,Joshua,Cooper,Joshua.Cooper@armstrong.com
171001,Andrea,Williams,Andrea.Williams@evans.biz
575556,Kelli,Powell,Kelli.Powell@mason.info
638214,Danielle,Torres,Danielle.Torres@walker-kennedy.com
45140,Zachary,Douglas,Zachary.Douglas@duke-davis.org
673554,Stacy,Martinez,Stacy.Martinez@white.com
122030,Michael,Brady,Michael.Brady@roberts.info
867010,Jose,Davis,Jose.Davis@kelley.org
460367,Chad,Pierce,Chad.Pierce@simpson.org
695853,Laura,Gray,Laura.Gray@gutierrez.org
863095,David,Simpson,David.Simpson@cowan-walls.com
650089,Ricky,Weiss,Ricky.Weiss@kramer.org
670774,Wayne,Wall,Wayne.Wall@harrell-frye.com
328337,Jessica,Patton,Jessica.Patton@williams.com
27997,Joseph,Trujillo,Joseph.Trujillo@frederick-deleon.info
116368,Michael,Jones,Michael.Jones@jarvis.org
793135,Jennifer,Washington,Jennifer.Washington@wang-west.com
802613,Jennifer,Cole,Jennifer.Cole@galloway.com
870190,Kiara,Dixon,Kiara.Dixon@boyd.biz
361569,Robert,Cox,Robert.Cox@walker-padilla.com
515591,Sandra,Orr,Sandra.Orr@chan-coleman.com
194895,Timothy,Shaw,Timothy.Shaw@bautista.org
